{"cameraMode":{"drawMode":0,"name":"Shaded","section":"Shading Mode"},"sceneLighting":true,"audioPlay":false,"sceneViewState":{"m_AlwaysRefresh":false,"showFog":true,"showSkybox":true,"showFlares":true,"showImageEffects":true,"showParticleSystems":true,"showVisualEffectGraphs":true,"m_FxEnabled":true},"in2DMode":false,"pivot":{"x":-3.3826096057891847,"y":0.5206260681152344,"z":0.9605298042297363},"rotation":{"x":0.27477774024009707,"y":0.01586397923529148,"z":-0.0045341127552092079,"w":0.9613659977912903},"size":4.8569111824035648,"orthographic":true}